insert into members(MemberId, MemberPwd, MemberEmail, MemberName, MemberGradeName, MemberDeposit ) 
values ('yjkim', 1234, 'test1@naver.com',	'yjkim', 'new',	5000);
insert into members(MemberId, MemberPwd, MemberEmail, MemberName, MemberGradeName, MemberDeposit) 
values ('hkchoi', 1234, 'test2@naver.com', 'hkchoi', 'new', 5000);
insert into members(MemberId, MemberPwd, MemberEmail, MemberName, MemberGradeName, MemberDeposit) 
values ('mkseo', 1234, 'test3@naver.com', 'mkseo', 'new',	5000);
insert into members(MemberId, MemberPwd, MemberEmail, MemberName, MemberGradeName, MemberDeposit) 
values ('hjcho', 1234, 'test4@naver.com', 'hjcho', 'new', 5000);
insert into members(MemberId, MemberPwd, MemberEmail, MemberName, MemberGradeName, MemberDeposit) 
values ('yjhwang', 1234, 'test5@naver.com', 'yjhwang', 'new', 5000);
insert into members(MemberId, MemberPwd, MemberEmail, MemberName, MemberGradeName, MemberDeposit) 
values ('swchoi', 1234, 'test6@naver.com',	'swchoi', 'new',	5000);

insert into ChalParticipantLogs values(chalauthno_seq.nextval, 'yjkim', '2023/07/02 00:00', 3);
insert into ChalParticipantLogs values(chalauthno_seq.nextval, 'yjkim', '2023/07/03 00:00', 3);
insert into ChalParticipantLogs values(chalauthno_seq.nextval, 'yjkim', '2023/07/04 00:00', 3);
insert into ChalParticipantLogs values(chalauthno_seq.nextval, 'yjkim', '2023/07/05 00:00', 3);
insert into ChalParticipantLogs values(chalauthno_seq.nextval, 'yjkim', '2023/07/06 00:00', 3);
insert into ChalParticipantLogs values(chalauthno_seq.nextval, 'yjkim', '2023/07/07 00:00', 3);
insert into ChalParticipantLogs values(chalauthno_seq.nextval, 'yjkim', '2023/07/08 00:00', 3);
insert into ChalParticipantLogs values(chalauthno_seq.nextval, 'yjkim', '2023/07/09 00:00', 3);
insert into ChalParticipantLogs values(chalauthno_seq.nextval, 'yjkim', '2023/07/10 00:00', 3);

insert into ChalParticipantLogs values(chalauthno_seq.nextval, 'hkchoi', '2023/07/02 00:00', 3);
insert into ChalParticipantLogs values(chalauthno_seq.nextval, 'hkchoi', '2023/07/03 00:00', 3);
insert into ChalParticipantLogs values(chalauthno_seq.nextval, 'hkchoi', '2023/07/04 00:00', 3);
insert into ChalParticipantLogs values(chalauthno_seq.nextval, 'hkchoi', '2023/07/05 00:00', 3);
insert into ChalParticipantLogs values(chalauthno_seq.nextval, 'hkchoi', '2023/07/06 00:00', 3);
insert into ChalParticipantLogs values(chalauthno_seq.nextval, 'hkchoi', '2023/07/07 00:00', 3);
insert into ChalParticipantLogs values(chalauthno_seq.nextval, 'hkchoi', '2023/07/08 00:00', 3);
insert into ChalParticipantLogs values(chalauthno_seq.nextval, 'hkchoi', '2023/07/09 00:00', 3);
insert into ChalParticipantLogs values(chalauthno_seq.nextval, 'hkchoi', '2023/07/10 00:00', 3);

insert into ChalParticipantLogs values(chalauthno_seq.nextval, 'mkseo', '2023/07/02 00:00', 3);
insert into ChalParticipantLogs values(chalauthno_seq.nextval, 'mkseo', '2023/07/03 00:00', 3);
insert into ChalParticipantLogs values(chalauthno_seq.nextval, 'mkseo', '2023/07/04 00:00', 3);
insert into ChalParticipantLogs values(chalauthno_seq.nextval, 'mkseo', '2023/07/05 00:00', 3);
insert into ChalParticipantLogs values(chalauthno_seq.nextval, 'mkseo', '2023/07/06 00:00', 3);

insert into ChalParticipantLogs values(chalauthno_seq.nextval, 'hjcho', '2023/07/02 00:00', 3);
insert into ChalParticipantLogs values(chalauthno_seq.nextval, 'hjcho', '2023/07/03 00:00', 3);
insert into ChalParticipantLogs values(chalauthno_seq.nextval, 'hjcho', '2023/07/04 00:00', 3);
insert into ChalParticipantLogs values(chalauthno_seq.nextval, 'hjcho', '2023/07/05 00:00', 3);
insert into ChalParticipantLogs values(chalauthno_seq.nextval, 'hjcho', '2023/07/06 00:00', 3);
insert into ChalParticipantLogs values(chalauthno_seq.nextval, 'hjcho', '2023/07/07 00:00', 3);
insert into ChalParticipantLogs values(chalauthno_seq.nextval, 'hjcho', '2023/07/08 00:00', 3);
insert into ChalParticipantLogs values(chalauthno_seq.nextval, 'hjcho', '2023/07/09 00:00', 3);

insert into ChalParticipantLogs values(chalauthno_seq.nextval, 'yjhwang', '2023/07/02 00:00', 3);
insert into ChalParticipantLogs values(chalauthno_seq.nextval, 'yjhwang', '2023/07/03 00:00', 3);
insert into ChalParticipantLogs values(chalauthno_seq.nextval, 'yjhwang', '2023/07/04 00:00', 3);
insert into ChalParticipantLogs values(chalauthno_seq.nextval, 'yjhwang', '2023/07/05 00:00', 3);
insert into ChalParticipantLogs values(chalauthno_seq.nextval, 'yjhwang', '2023/07/06 00:00', 3);
insert into ChalParticipantLogs values(chalauthno_seq.nextval, 'yjhwang', '2023/07/07 00:00', 3);
insert into ChalParticipantLogs values(chalauthno_seq.nextval, 'yjhwang', '2023/07/08 00:00', 3);
insert into ChalParticipantLogs values(chalauthno_seq.nextval, 'yjhwang', '2023/07/09 00:00', 3);

insert into ChalParticipantLogs values(chalauthno_seq.nextval, 'swchoi', '2023/07/02 00:00', 3);
insert into ChalParticipantLogs values(chalauthno_seq.nextval, 'swchoi', '2023/07/03 00:00', 3);
insert into ChalParticipantLogs values(chalauthno_seq.nextval, 'swchoi', '2023/07/04 00:00', 3);

insert into DepositTransactions 
values(DepositTransNo_seq.nextval, 'yjkim', 10000, '2023/06/30 00:00', '예치금 충전', 10000); 
insert into DepositTransactions 
values(DepositTransNo_seq.nextval, 'hkchoi', 10000, '2023/06/30 00:00', '예치금 충전', 10000); 
insert into DepositTransactions 
values(DepositTransNo_seq.nextval, 'mkseo', 10000, '2023/06/30 00:00', '예치금 충전', 10000); 
insert into DepositTransactions 
values(DepositTransNo_seq.nextval, 'hjcho', 10000, '2023/06/30 00:00', '예치금 충전', 10000); 
insert into DepositTransactions 
values(DepositTransNo_seq.nextval, 'yjhwang', 10000, '2023/06/30 00:00', '예치금 충전', 10000); 
insert into DepositTransactions 
values(DepositTransNo_seq.nextval, 'swchoi', 10000, '2023/06/30 00:00', '예치금 충전', 10000); 

insert into DepositTransactions 
values(DepositTransNo_seq.nextval, 'yjkim', -5000, '2023/07/01 00:00', '챌린지 참여', 5000); 
insert into DepositTransactions 
values(DepositTransNo_seq.nextval, 'hkchoi', -5000, '2023/07/01 00:00', '챌린지 참여', 5000); 
insert into DepositTransactions 
values(DepositTransNo_seq.nextval, 'mkseo', -5000, '2023/07/01 00:00', '챌린지 참여', 5000); 
insert into DepositTransactions 
values(DepositTransNo_seq.nextval, 'hjcho', -5000, '2023/07/01 00:00', '챌린지 참여', 5000); 
insert into DepositTransactions 
values(DepositTransNo_seq.nextval, 'yjhwang', -5000, '2023/07/01 00:00', '챌린지 참여', 5000); 
insert into DepositTransactions 
values(DepositTransNo_seq.nextval, 'swchoi', -5000, '2023/07/01 00:00', '챌린지 참여', 5000);

BEGIN
  PROCESS_CHAL_DEPO_PROC;
END;


